{"val_loss": [2.393265494278499, 2.181225320501363, 1.962490084645928, 1.839824806538251, 1.6615636515431376, 1.5901742288054361, 1.4958879186114422, 1.459726957426151, 1.494493233609909, 1.3843308717520448, 1.3728214526100677, 1.3210469860108869, 1.3292907989290332, 1.3142726956265265, 1.3298208651877454, 1.3505007469457755, 1.3995811621669536, 1.2976560907810282, 1.2963113804767326, 1.286376200911283, 1.3038003312408217, 1.340127992134017, 1.3114109487073402, 1.2869459400973338, 1.2718793717260066, 1.3268151982813616, 1.2899563634233715, 1.2859507692717844, 1.3463339245894574, 1.2793129934668024, 1.256863367071871, 1.3332932494135132, 1.2824495259615356, 1.2831473602307597, 1.2676747874420042, 1.308430947171784, 1.3252993935417212, 1.3232870935808196, 1.288897232973517, 1.2479901892778607, 1.1577504660402025, 1.145479629784435, 1.130656074854171, 1.1142198204890872, 1.0957374332854253, 1.0984766034162379, 1.0912894979614427, 1.083048328124385, 1.077585745842875, 1.076814214882221, 1.0672145091498804, 1.0696809129438039, 1.0699202416260716, 1.0641667966517503, 1.0671713619830119, 1.0548412185016998, 1.0586273526222298, 1.0695853322890754, 1.057274611552166, 1.0642030237038609, 1.0519490518740244, 1.05220258270375, 1.0521113522753347, 1.0537809058270404, 1.0445138640880447, 1.047657113049768, 1.0464949651248054, 1.0449921756216434, 1.0487579220087326, 1.0489150633773374, 1.0471452864323418, 1.0455586218103718, 1.0351394510827152, 1.0411470174203887, 1.0497595887244764], "val_acc": [0.38783482142857145, 0.43108928058919654, 0.48800924591713646, 0.5047674082979513, 0.5417509390694046, 0.5405952037327967, 0.5611095059575872, 0.5665992488064748, 0.5579312337819154, 0.5876914186995693, 0.5876914186995693, 0.6004045074022564, 0.5934700953826089, 0.5960704998899767, 0.609939323903439, 0.5952036983616881, 0.5804680728156316, 0.6110950592400469, 0.6183184051196791, 0.6157180006123113, 0.6113839931000316, 0.5928922277143049, 0.5972262352265846, 0.6310314938223661, 0.6307425599882142, 0.6070499855877519, 0.6119618607683356, 0.6151401329440073, 0.5998266397339524, 0.6264085524759345, 0.6379659058420136, 0.6136954637732475, 0.6249638833051746, 0.6313204276565182, 0.6347876336663419, 0.6180294712855271, 0.6246749494710226, 0.6108061254317276, 0.6284310893149984, 0.6411441780176854, 0.6732700892857143, 0.6761051719500749, 0.6787055764574428, 0.6821727824672664, 0.689685062155218, 0.6824617163014185, 0.6850621208087863, 0.6856399884770902, 0.6943080034844278, 0.689396128321066, 0.688240392984458, 0.68852932681861, 0.687373591482002, 0.6879514591503061, 0.68852932681861, 0.689685062155218, 0.6876625252989322, 0.6836174516380263, 0.6902629298235219, 0.6891071944869139, 0.6922433035714286, 0.6908407974918258, 0.6917075989942818, 0.6902629298235219, 0.6943080035016496, 0.6937301358333456, 0.6977752095114733, 0.6951748050041056, 0.6931522681650417, 0.6943080035016496, 0.6951748050041056, 0.6974862756773214, 0.7032649523603609, 0.6992198786822332, 0.6983530771797773], "loss": [2.872864163347653, 2.406193423256998, 2.139972110862541, 1.9567017778381457, 1.819306072918172, 1.7000633729087693, 1.6054849300594403, 1.5434066472671326, 1.4813543213143283, 1.4486525509540222, 1.415072635241083, 1.3958408328910508, 1.3854847269375885, 1.3695245037794255, 1.3681196184231066, 1.359276868131587, 1.3538307412118393, 1.3494887933375381, 1.337044861751208, 1.342681760380214, 1.3328375233958556, 1.3361797130139996, 1.3270341497426736, 1.327152459025237, 1.3202487231218507, 1.3222245273753255, 1.3237690771816033, 1.3104965226744751, 1.3093192418574837, 1.3110643501049168, 1.305269380988186, 1.299401540785589, 1.3056883726238115, 1.3028554197272162, 1.2985766123809406, 1.2934744663833466, 1.293593809747374, 1.2884415639280575, 1.2855032248141813, 1.290540424939329, 1.213965573481151, 1.1751990501193528, 1.1497597650268556, 1.1367493598015113, 1.1128408014054838, 1.1001518293498325, 1.0870828992453496, 1.0688935657490344, 1.067295951189844, 1.0512847347805245, 1.0477397614477864, 1.037040573995228, 1.019613199225083, 1.012414892700153, 1.0071521735559221, 1.0011191800398846, 0.9954306092953308, 0.9837908479165616, 0.9800877007509328, 0.9742113890810054, 0.9618830616985049, 0.9528610997043019, 0.9476433211254492, 0.9473622585188821, 0.9404980849007655, 0.9495519509025527, 0.9340205111065988, 0.9352150546558041, 0.934810224575758, 0.9346793056084925, 0.9317843803690086, 0.932342687400067, 0.9303710196809944, 0.9319197188827306, 0.9309705226017027], "acc": [0.25174386160714285, 0.36027430812346795, 0.4293411706890437, 0.46852804311598695, 0.49301983834685226, 0.5159721493404018, 0.5301074140121336, 0.5400440852564731, 0.557923095787945, 0.5642909625317242, 0.5711486651867317, 0.579930723232751, 0.5849340471046508, 0.5866134844931257, 0.5903222420113753, 0.5930513278302109, 0.5946607886462343, 0.6025681396919786, 0.6075364752912082, 0.6058220495758412, 0.6101256079255173, 0.6096707602577627, 0.612469822628195, 0.6143941779128482, 0.6174031699630963, 0.6162135684587386, 0.6171932402686823, 0.6228963297483098, 0.6231412476590864, 0.6235611070333161, 0.6268500052315581, 0.6267100521221083, 0.6266050872936705, 0.630803680771114, 0.6318533291326544, 0.6352122038950059, 0.6336027430435295, 0.6334627899486779, 0.6365417585088133, 0.6327630244055996, 0.6603655133928571, 0.6727896154621309, 0.6807669430365318, 0.6838109233531936, 0.6903187431834826, 0.692523004805907, 0.6944473601260132, 0.7020748049737124, 0.700360379306311, 0.7066232811924559, 0.7037892306202592, 0.7061684335601542, 0.7154403274965472, 0.7125363003664973, 0.7145306322090037, 0.7175396242592518, 0.7170497883271689, 0.7203736747897391, 0.724747209691012, 0.723662573050545, 0.730224609375, 0.7353136699476877, 0.7333193380488737, 0.7347538574431534, 0.7353836464429768, 0.7331793848977146, 0.7430110912698215, 0.739932122709686, 0.7388474860567062, 0.7399321227513953, 0.7410167594127168, 0.7403869703920388, 0.7421363842758029, 0.7386375563894033, 0.7426262202433386]}