{"val_loss": [1.7174150518008642, 1.621864064033925, 1.5384750176082282, 1.4627445890737454, 1.4130067318307633, 1.4485658215360468, 1.334979575688148, 1.2280854614302452, 1.199602298776527, 1.2576119423739245, 1.1581023017714664, 1.1551468842155634, 1.1306717643087498, 1.1654815361769135, 1.1094620331144511, 1.0674870168842425, 1.1069871036691563, 1.0847633127117735, 1.0440374960344123, 1.0561881648154314, 1.0108055685247694, 1.0086356560228464, 1.0066906639827673, 1.0024655890306342, 1.001862890835409, 1.005665433782265, 1.0003287505635083, 0.9978431359221914, 0.9976109713703454, 0.994021555672006, 0.9886409766031324, 0.9885966067918978, 0.9904588211722816, 0.9884680364043062, 0.9852395067150211, 0.9835526866914219, 0.9834788313355621, 0.9812093970404302, 0.9843139327250957, 0.9835722489668365, 0.9771224281617573, 0.9748517808043451, 0.9631920687486174, 0.9756954844994753, 0.9793949434778587, 0.9753901507082237, 0.9619438728477459, 0.9750134174412505, 0.975432337690936, 0.9773445231519796, 0.9751026617313044, 0.9752031866093999, 0.9712144845794716, 0.971436954102603, 0.9780449306678992, 0.9762357614247725, 0.9731278467887883, 0.9754822529385249, 0.9780794095524609, 0.9747735694700912], "val_acc": [0.2553013392857143, 0.3316960416409157, 0.3842819994307432, 0.4163536550216129, 0.436867957242098, 0.4255995377144763, 0.4747182895461454, 0.511701820291766, 0.5275931811701249, 0.5044784744336611, 0.5449292112149382, 0.5495521525656754, 0.5556197630785614, 0.5475296157266115, 0.5686217856154006, 0.5842242126639129, 0.5663103149421846, 0.5836463449956089, 0.6030049118837915, 0.5894250216786484, 0.6141183035714286, 0.6154290667781593, 0.6174516035913904, 0.6183184051196791, 0.6252528171393266, 0.6217856111295028, 0.6240970818027186, 0.6252528171393266, 0.6223634787978067, 0.6243860156368707, 0.6252528171393266, 0.6261196186417826, 0.6266974863100865, 0.6301646923199102, 0.6272753539783904, 0.6275642878125424, 0.6284310893149984, 0.6272753539783904, 0.6252528171393266, 0.6278532216466944, 0.634765625, 0.6368101705054058, 0.6396995088469255, 0.6385437735103177, 0.632765096827278, 0.6373880381737097, 0.6405663103493815, 0.6391216411786216, 0.6344986998321899, 0.6347876336663419, 0.6368101705054058, 0.6350765675004939, 0.6376769720078617, 0.6362323028371017, 0.6342097659980379, 0.633631898329734, 0.6359433690029498, 0.6353655013346459, 0.6330540306614301, 0.6350765675004939], "loss": [1.8727468427802836, 1.6874419091225905, 1.6287254012826817, 1.5702910880412504, 1.512576542246488, 1.4438558985999206, 1.385130643982245, 1.3379727335357585, 1.308445478852887, 1.2733625975471319, 1.246228386433946, 1.2267069183317376, 1.2066591902621036, 1.182950273161901, 1.1685402334489272, 1.1486395522756567, 1.1363078908562256, 1.1198612702434656, 1.1093060372403887, 1.0915418957330079, 1.0673777596758944, 1.0465448271827416, 1.048129277901496, 1.0417712811663595, 1.0400045448602329, 1.0332987870242762, 1.038882893729104, 1.022315544439102, 1.030741159748086, 1.0269319138122004, 1.0212381954773875, 1.0173365795617757, 1.0191873031793526, 1.0162692437778889, 1.0136893910138944, 1.0171628906759287, 1.0059080946158088, 1.0025992722830117, 1.0067885978023108, 1.0048243555882168, 1.001776886571731, 0.9966913058523292, 0.9935572619268165, 1.0000730122592616, 0.9909169173846281, 0.9962521247423153, 1.0005849904649666, 0.9915454404494489, 0.9930247569792391, 0.9950717751755682, 0.9916798875566368, 0.9982067140070237, 0.9950390131293941, 0.9888747319527509, 0.9911355931289818, 0.9929257336584116, 0.991805989711164, 0.9902672118601074, 0.9884633185781662, 0.9882001869281676], "acc": [0.23793247767857142, 0.29680557013921877, 0.3328784857031171, 0.3661173506687505, 0.394037997287598, 0.42374304606079416, 0.45096392707712757, 0.4745110388009586, 0.490115811199076, 0.5046709352054137, 0.5204856373010733, 0.525488961208426, 0.536055421444247, 0.5452573387842057, 0.553794478874611, 0.5627864665232839, 0.5612119939861869, 0.5728281026106594, 0.5770616843399184, 0.5833595745612974, 0.5947265625, 0.6031629404399865, 0.6090059829644144, 0.6048423778284614, 0.6056820965018442, 0.6096007837416189, 0.606521815175227, 0.6162835449748825, 0.6119100101570282, 0.6134494943964294, 0.6179629823633573, 0.6157937090970217, 0.6180329589212105, 0.6161435918591762, 0.6225814352233725, 0.6182428886364791, 0.6227563766180053, 0.6243658374423706, 0.621776704787207, 0.6239809663387256, 0.6237444196428571, 0.6280396067651123, 0.6274448059670532, 0.6274098176797849, 0.6253105209796441, 0.6233861656032305, 0.6274098177089813, 0.6292292082340171, 0.6294391379138328, 0.6267800286799614, 0.6300689268865453, 0.6263601693203299, 0.6268150169317769, 0.6273048528722016, 0.6299989503495468, 0.6296140792459017, 0.6277946888042845, 0.6289143136882251, 0.6310136104092204, 0.628284524703]}