{"val_loss": [1.6529759679521834, 1.4199687965134602, 1.261294803086198, 1.2022780360806302, 1.2233740162277662, 1.1483811246146705, 1.1052507147972241, 1.0967845129022982, 1.0640920952750368, 1.0464109474095056, 1.055257464516063, 1.0601605679457742, 1.013248228916575, 1.010270946393017, 1.0091617380529083, 0.9759530127306819, 0.9954998006850989, 0.9898977805272378, 0.9690495393965776, 0.9595653085962123, 0.9607492170386217, 0.9531271048137749, 0.9452961683617751, 0.9456382181492199, 0.9352605010828714, 0.9193489088966681, 0.9124797795832209, 0.9343256711856508, 0.9467862484531574, 0.9352178941810452, 0.9307529271871704, 0.937251121520445, 0.9456268331970792, 0.9615068304094404, 0.9251113349872667, 0.9342750022260483, 0.9054394864994678, 0.9143052364112118, 0.9125669397256582, 0.9026230959766898, 0.8785889404160636, 0.8742973101824496, 0.8698752304612816, 0.8722666781336473, 0.876789236991814, 0.8749616084089171, 0.8729821968133723, 0.8726366839977883, 0.8747907920711752, 0.8686588910644849, 0.8723807219858288, 0.8715916652618823, 0.8795754290908377, 0.8670353718280654, 0.8724328437935785, 0.8804997994837063, 0.8720640905397333, 0.8684469211380526, 0.8738728019413456, 0.8702894712727527, 0.8698221466370991, 0.8694903405544145, 0.8742116227104498, 0.8697444589383958, 0.8757848671425701, 0.8704437161070596, 0.8621319128715451, 0.8693605622126511, 0.8752965470401926, 0.8697793264328417, 0.8700434343555146, 0.8695134130456964, 0.8691349577883082, 0.8744972710043183, 0.869345005555361], "val_acc": [0.34263392857142855, 0.4484253106124826, 0.5027448714287492, 0.5330829240190125, 0.5351054608839091, 0.554752961580411, 0.5720889916295298, 0.577289800670098, 0.5897139555386331, 0.5969373013924326, 0.5902918232069371, 0.5963594337241287, 0.6084946547585118, 0.6186073389279984, 0.6214966772695182, 0.6261196186417826, 0.6298757584857583, 0.6301646923199102, 0.6353655013346459, 0.6396995088469255, 0.6368101705054058, 0.6420109795201414, 0.6434556486909012, 0.6489453915397889, 0.6532793990520686, 0.66079167874002, 0.6631031494132359, 0.6492343253739409, 0.6443224501933572, 0.6503900607105487, 0.6515457960471567, 0.6547240682228285, 0.6535683328603878, 0.6425888471884453, 0.6657035539206037, 0.6567466050618923, 0.66079167874002, 0.6662814215889076, 0.6602138110717161, 0.6685928922621235, 0.6724330357142857, 0.6735047674427072, 0.6761051719500749, 0.674371568945163, 0.675527304281771, 0.674949436613467, 0.675527304281771, 0.6775498411208348, 0.675816238115923, 0.6798613117940506, 0.6787055764574428, 0.6836174516380263, 0.6787055764574428, 0.6789945102915947, 0.6836174516380263, 0.6772609072866829, 0.6792834441257467, 0.6827506501355705, 0.6795723779598987, 0.6841953193063304, 0.6819196428571429, 0.6833285178038744, 0.6810170471306586, 0.6847731869746343, 0.6798613117940506, 0.6824617163014185, 0.6862178561453942, 0.6841953193063304, 0.6807281132965066, 0.6830395839697224, 0.6841953193063304, 0.6830395839697224, 0.6836174516380263, 0.6818838486331145, 0.6844842531404823], "loss": [2.01023127670799, 1.5825729721768116, 1.4319581305904354, 1.358923370887132, 1.2997165660753713, 1.260820523147874, 1.233167396166156, 1.1978731188429257, 1.1742250687396742, 1.1577617519360044, 1.1313598303083967, 1.1165527979474485, 1.1041042856854617, 1.0876829546012836, 1.0721085161071833, 1.062150583153429, 1.0496862797877098, 1.0372220802926928, 1.0298415266467726, 1.0208682412655907, 1.0111617610947647, 1.0060446529841223, 1.0017734849383317, 0.9880941246952388, 0.9793299553542886, 0.9663895132334696, 0.9622376166803626, 0.9627931823482215, 0.9493045295612427, 0.9447992272884366, 0.9415251389727174, 0.9336926158683002, 0.9340717979743939, 0.9242907457903748, 0.921351509420238, 0.9080025714304886, 0.90716104487259, 0.9039589641918466, 0.9009556043644799, 0.8861137822232333, 0.8660794259714228, 0.8574351624062595, 0.8507407619797913, 0.8412129814410985, 0.8452388561154416, 0.8354436576914902, 0.8385777230482732, 0.8358414908356532, 0.8314256659582128, 0.8300949500225301, 0.8272016012436288, 0.8219496996072987, 0.8217319552123699, 0.8199802869003809, 0.8179666198260105, 0.8090901651975052, 0.8125049757125775, 0.8069099945625128, 0.8084953205525669, 0.812444876303996, 0.8066807187029293, 0.8094161647782817, 0.7982676102801345, 0.8009514508931909, 0.8051193833939236, 0.8005807509361741, 0.7957594959594309, 0.7976275728517239, 0.8036074107501426, 0.8026086979902365, 0.7956370460017768, 0.8018686933600208, 0.8005732097776219, 0.8021169331228836, 0.8043288236883364], "acc": [0.26234654017857145, 0.36713201077221896, 0.4268570029207109, 0.47031244532038685, 0.4948392288510333, 0.5103390364332256, 0.5253140197960667, 0.541583569508387, 0.5491760260500487, 0.5615268884548167, 0.5732479619306671, 0.5761170008089014, 0.5836394807781117, 0.591721773174694, 0.5995241594045133, 0.6009236905469775, 0.6045624715824507, 0.6134494944527369, 0.6167733808798543, 0.6192575487399475, 0.624960638219575, 0.6271998880145674, 0.6288093488723001, 0.6335327665211292, 0.6393408207874852, 0.6424897659409268, 0.6440292502136954, 0.6419649417424301, 0.6505720583583637, 0.6514117770171484, 0.6532311675296713, 0.6559952416274334, 0.6566250306064022, 0.6609985654784786, 0.6652321472494469, 0.6659669011006483, 0.6686260102573575, 0.6669115846379218, 0.6718099436396744, 0.6758685839951554, 0.6862444196428571, 0.6867149504894998, 0.6905286728716402, 0.6968965396717269, 0.6932927469568896, 0.6951121374464724, 0.6944123718262319, 0.6971414575825036, 0.6965116685764238, 0.6992757426178784, 0.6995556488284362, 0.7021797698104921, 0.7021447814690016, 0.7023547111842703, 0.7033343830088121, 0.7095972849366663, 0.7070781288602104, 0.7060984570440104, 0.708092788928226, 0.7078828592692649, 0.7087751116071429, 0.7079528357916651, 0.710262062173707, 0.7119414995684383, 0.7098771911472241, 0.7114866519841023, 0.7141107728556286, 0.7109968160582758, 0.7112767222688336, 0.7086875896908321, 0.7140407963186302, 0.7084776599901618, 0.7096322732155929, 0.709072460717315, 0.7085826248060868]}