{"val_loss": [1.8834079546587807, 1.5337168569683306, 1.3197435105821709, 1.2600219670626098, 1.184566275124879, 1.173835396215565, 1.1248814060108678, 1.1287887691934824, 1.0673355161368727, 1.0875691971452344, 1.0344597081923133, 1.0372611905274036, 1.0758585159711775, 1.0376243709450133, 1.017312923010909, 1.019738136981478, 1.009653985379783, 0.9850678149415937, 1.0581773107915007, 1.024300944112829, 0.9736945760005542, 1.0023559414558554, 0.9407672005146096, 0.9654427849120124, 1.0153846713512213, 0.9582914053722118, 0.9351127429423185, 0.9765046742636838, 0.9516428758628931, 0.9467171244592344, 0.9585810446112323, 1.0506922404430603, 1.0636982508595711, 1.0310538019688962, 0.9632372920002256, 0.9624724144606327, 0.974985414969029, 0.9831936740696138, 0.9826902049499177, 0.9843909252037791, 0.9269323945045471, 0.9294052201349313, 0.9276941639259005, 0.9357055033159132, 0.9505997270354298, 0.9360402909981244, 0.9447679389456524, 0.9518928146110867, 0.9509124415728853, 0.9470837245921598, 0.9583014084214043, 0.9573533553086551, 0.9627375671437144, 0.9581854672006223, 0.9671015921130892], "val_acc": [0.24469866071428573, 0.38399306559659124, 0.4816527015399602, 0.49523259174510326, 0.5365501300288362, 0.5492632187315234, 0.5691996532837045, 0.5544640277419536, 0.5882692863420406, 0.576134065303352, 0.6015602427130315, 0.596070499864144, 0.5911586246835603, 0.6119618607381974, 0.6128286622449588, 0.6096503900649816, 0.6125397284366395, 0.6203409419329102, 0.5937590291909282, 0.6119618607683356, 0.6295868246214681, 0.6168737359489191, 0.6370991043137251, 0.6402773765152295, 0.618029471255389, 0.6446113840275092, 0.6417220456558512, 0.6368101705054058, 0.646922854700725, 0.6501011268763968, 0.6498121930164121, 0.6142733314157187, 0.6076278532560558, 0.6269864201184058, 0.6495535714285714, 0.6547240681969958, 0.6446113840016765, 0.6503900607105487, 0.6503900607105487, 0.6555908697080626, 0.6702008928571429, 0.6688818260962754, 0.6714822306036432, 0.674949436613467, 0.6668592892572116, 0.6729268997744031, 0.6735047674254853, 0.6685928922449017, 0.6697486275815095, 0.675527304281771, 0.6709043629181175, 0.6737937012768591, 0.6726379659402512, 0.6711932967522695, 0.6723490321060992], "loss": [2.118704688336168, 1.652434158148348, 1.462743725354074, 1.3583248271046557, 1.2914931480422664, 1.2454179416180475, 1.2025166801798857, 1.168726950978754, 1.150537931590846, 1.1209544258477042, 1.1055294788808454, 1.0802273676938554, 1.055496153223027, 1.0437613874272391, 1.0283620663450987, 1.009566084759501, 0.9943278868359142, 0.9877836141408288, 0.967029832660399, 0.9535308335823524, 0.9404027896178352, 0.9266967659174931, 0.9185035464470092, 0.9066462339019722, 0.8897867094147828, 0.8807201011720346, 0.872631106617811, 0.860850870984667, 0.8483113460838408, 0.8357127258564985, 0.8261819555070309, 0.8283212124073023, 0.8123796886856129, 0.7972220361518466, 0.7863612527399916, 0.7865031399097391, 0.7753019413457641, 0.761468340440167, 0.7588076729017619, 0.7481799350734655, 0.7148940028356654, 0.6900020953589626, 0.672991713969395, 0.6704179167373157, 0.6615745243340567, 0.6465468545141624, 0.6484496237413656, 0.6397285125363695, 0.6353237203006826, 0.6363519710420807, 0.6227162546348816, 0.6181148452591284, 0.6206786425899647, 0.6187782446614282, 0.6142760985902224], "acc": [0.232421875, 0.34078583676137425, 0.41163710158452926, 0.4621251880609565, 0.49620377176149383, 0.5176165984082408, 0.5383296595327641, 0.5529197718659941, 0.5626115251495057, 0.5730030439698393, 0.5833245862886273, 0.5913369021628094, 0.6065568034958628, 0.6075364752432426, 0.6137993772065496, 0.6267450404302314, 0.6290892550620033, 0.6339176375955778, 0.6447290157922266, 0.6471781953379404, 0.6545957104140635, 0.6604737412945801, 0.6644973933711346, 0.6694307407352323, 0.6763234316837645, 0.6783177635554674, 0.6815716735227485, 0.6860151848838576, 0.6925929813575037, 0.6947272663991348, 0.7005353207009438, 0.7004303558433095, 0.7082677303166024, 0.7096672614382119, 0.7141107728973379, 0.7160001399239192, 0.7229628074303046, 0.7261817291061463, 0.7294006507673898, 0.7327945138086678, 0.7436174665178571, 0.7530527273071458, 0.7629893985785963, 0.7648437773554475, 0.7672229803078554, 0.7715965151736753, 0.7722612924315707, 0.7729260697520299, 0.7746754837338108, 0.7749204016862967, 0.7797137958992354, 0.7800286903595233, 0.7810433504838464, 0.779853749021198, 0.7864665336966085]}