{"val_loss": [1.8202688310827528, 1.5366408359243222, 1.371156862518478, 1.3103138604146214, 1.264649026761059, 1.2663347320176384, 1.1568323017647761, 1.122557664151758, 1.1204440976732282, 1.1027606520753346, 1.0627795388952772, 1.0517982715679985, 1.042032213095329, 1.075672923330281, 1.0603400262853584, 1.017650893780924, 1.0116556311439, 0.9978384375399987, 1.0726192600635462, 1.0068647712339938, 0.9892929473800902, 0.9567985628354553, 0.955973386626752, 0.9451498154510966, 0.9506091232142742, 0.9580891898380336, 0.9223910006647404, 1.1088661750731734, 0.982174346985, 0.9273542570124056, 0.9486625904776532, 0.916541050466214, 0.9874432157553954, 0.9247485745404367, 0.9576073549138917, 0.957558540569775, 0.9216169033977759, 0.9340991613941364, 0.9401159534148487, 0.9675555858127095, 0.8872533568314144, 0.8794417286566729, 0.8815854279094609, 0.8751596380471839, 0.8770648527958255, 0.8845564592129163, 0.8731106468378137, 0.8778208522774587, 0.8827519807055038, 0.8825562251024045, 0.8842923044986168, 0.8836861832987122, 0.8860979037145699, 0.8863758253968543, 0.8847299368524096, 0.8822204632691585, 0.8795581220443867, 0.872143220123064, 0.8678929263268961, 0.8813320148786827, 0.871936023235321, 0.868785028649148, 0.8757401826718542, 0.8732663017585421, 0.8669664380316857, 0.8702874461959049, 0.8747240201960544, 0.8662667834527986, 0.864881084957966, 0.8713024202642741, 0.8745034059945024, 0.865421544158779, 0.8691925032398529, 0.8665703786173778, 0.8735267269029262], "val_acc": [0.19949776785714285, 0.387460271606415, 0.4559375903262668, 0.4793412308925771, 0.49494365793678397, 0.5036116729613433, 0.5460849465558516, 0.5587980352585387, 0.5602427044292986, 0.5746893961368975, 0.5868246171971133, 0.5952036983616881, 0.5902918232069371, 0.5865356833371287, 0.5917364923518643, 0.6064721178936152, 0.6099393239292716, 0.6186073389279984, 0.5937590292167608, 0.6174516035913904, 0.6171626697830712, 0.6405663103493815, 0.6402773764893968, 0.6414331118518374, 0.6362323028371017, 0.6428777810225973, 0.6486564577056368, 0.5807570066497836, 0.6330540306614301, 0.6486564577056368, 0.6417220456859893, 0.6570355388960443, 0.6344986998321899, 0.6547240682228285, 0.6428777810225973, 0.6457671193641171, 0.6558798035594364, 0.6564576712277403, 0.6529904652179166, 0.646633920866573, 0.6710379464285714, 0.6657035539206037, 0.6680150245938195, 0.6717711644377953, 0.6711932967694912, 0.6714822306036432, 0.675527304281771, 0.6737937012510263, 0.6709043629353393, 0.6706154291011873, 0.6714822306036432, 0.6720600982719472, 0.6683039584279715, 0.6706154291011873, 0.6769719734525309, 0.675527304281771, 0.6792834441257467, 0.6795723779598987, 0.6787055764574428, 0.674371568945163, 0.6774553571428571, 0.6775498411208348, 0.6761051719500749, 0.6769719734525309, 0.6778387749549868, 0.6769719734525309, 0.6763941057842269, 0.6821727824672664, 0.6810170471306586, 0.6789945102915947, 0.6781277087891388, 0.6850621208087863, 0.6810170471306586, 0.6772609072866829, 0.675527304281771], "loss": [2.138153284255947, 1.6873463259997568, 1.5284679560767924, 1.4304666959072803, 1.3580526372775008, 1.3073405570903138, 1.2729227183510052, 1.2446945980636999, 1.2149883327872528, 1.1977161492632709, 1.174481139269466, 1.150052234920952, 1.140086877104542, 1.123241166171565, 1.1076533562249231, 1.100320275152027, 1.080836533803577, 1.0860863031406216, 1.0694678257888177, 1.0574892731252776, 1.0482547079944147, 1.0403518163149754, 1.0346160817211367, 1.0259755398126769, 1.0192868178792782, 1.0049817508798813, 1.0005975348350238, 0.993433931568664, 1.0311672773472487, 0.9964205020245067, 0.9809469289436146, 0.9821438751516506, 0.9693248597065967, 0.9686517732971999, 0.9583175285885813, 0.9494478652952834, 0.9462027441883457, 0.9447205141903593, 0.9410756185078887, 0.9276335564826194, 0.9009692330977747, 0.8911880175727255, 0.888007207973472, 0.879981065377458, 0.876517303370098, 0.8693055588016775, 0.8713246165344277, 0.8632540433690703, 0.8676735526898698, 0.858484123244562, 0.8575363929821176, 0.8639461700412693, 0.8510455403758882, 0.8577766005180643, 0.8524356206650205, 0.844956397075966, 0.8440890342809435, 0.8488768862087187, 0.8378984323805364, 0.8397247329735404, 0.8424420146537679, 0.8426978798360723, 0.8374256257588599, 0.840811593438049, 0.8350620302788285, 0.8411096167057207, 0.8347413345980038, 0.8339425463972755, 0.8325636670869817, 0.8339418953300327, 0.8320749507070168, 0.8339010646572549, 0.8316902370392152, 0.8315749276360465, 0.8321532450939867], "acc": [0.22767857142857142, 0.3294496343745707, 0.3831916308203645, 0.43252510410368533, 0.464294461351275, 0.4878765613623744, 0.5077149154960072, 0.5173366922331358, 0.5337461949933848, 0.5428781358140715, 0.5502956509673568, 0.5613869353808197, 0.568524544281838, 0.5740177040733078, 0.5826248206537885, 0.5853189181811848, 0.5919666911417782, 0.5917917497534018, 0.5985794759006072, 0.6034078583507632, 0.6077464049376566, 0.6127497288450092, 0.6169133340518681, 0.6181379238288959, 0.6191525838614587, 0.6281795598161691, 0.6290192785250048, 0.6338476609960154, 0.6191175955887884, 0.6320982470642856, 0.6351772156452758, 0.6365067701944339, 0.643469437771725, 0.6408803051311597, 0.6464084531306503, 0.6543507925178851, 0.6512718239306385, 0.6543857807822134, 0.6522514957676933, 0.6628529442761845, 0.6659109933035714, 0.6739792169393776, 0.673244463096518, 0.675938560609316, 0.6782127987249441, 0.6798922361342736, 0.680871907902508, 0.6840908295637514, 0.6849305482788436, 0.6853853958777778, 0.6870648332933637, 0.6829712046381016, 0.6904936846073119, 0.6857002904298262, 0.6883593995781935, 0.6912284384856243, 0.6942724187105257, 0.6895140127973682, 0.6945173366630116, 0.6948672194731319, 0.6917550223214286, 0.6940974773158929, 0.6964067037667551, 0.6946572898204272, 0.6972464224192833, 0.6941324655948194, 0.6950071726096927, 0.696126797514488, 0.7006402854960142, 0.6980161645702658, 0.6968965396300176, 0.6977012700661832, 0.6964416920102288, 0.6963717155024268, 0.6982960708433876]}