{"val_loss": [1.907959588936397, 1.6208239367710169, 1.4497667505230665, 1.420520347861395, 1.313134749546729, 1.365113941619452, 1.3126696944753409, 1.2311473803794373, 1.2060913961080415, 1.2058076083539573, 1.1980440799847603, 1.1684680774838068, 1.1851121286752078, 1.1743977109464874, 1.1740212887224177, 1.18468790938144, 1.2076818386070716, 1.1716513083319346, 1.2011269841088066, 1.1375080595743927, 1.1722915026536052, 1.1733621123277256, 1.1760490249602376, 1.1607143528645385, 1.1707963054492205, 1.162106193634376, 1.1913296785426257, 1.174352091952095, 1.1988667546755591, 1.1908071280834613, 1.17984254354688, 1.1916812808828456, 1.2021550934840337, 1.2182872139005707, 1.18741543859252, 1.1994514629455773, 1.204516086885606, 1.2260567725858602, 1.2022741081328172, 1.2055702307292473, 1.1528398458446776, 1.1571921315437037, 1.1491652374080206, 1.146390683094362, 1.14843283027488, 1.1543283211602808, 1.142640961229164, 1.1433728692573606, 1.1409104601112758, 1.14855042304031, 1.1533662015494155, 1.1456931709933234, 1.1436897259645813, 1.1419026460202573, 1.1465907968113582, 1.14850040273975, 1.1375710919598423, 1.1455006976239221, 1.1456988855994048, 1.1519769654560557, 1.139996166740145, 1.1404142796872703, 1.1381186326264439, 1.1385794107158278, 1.141175072305432, 1.1401824301565633, 1.1413696602017023, 1.137571091908177, 1.1462306634465658, 1.143016764484572, 1.1363315659084612, 1.14138010281147, 1.1331308773231452, 1.144157577201625, 1.1464973625954917], "val_acc": [0.32896205357142855, 0.4510257151456831, 0.49985553311736763, 0.5197919676738542, 0.5596648367609947, 0.5440624097426204, 0.550418954093964, 0.5876914186995693, 0.6061831840852959, 0.6035827795779282, 0.6099393239292716, 0.6168737359489191, 0.6206298757928949, 0.618607338953831, 0.619185206622135, 0.6177405374255425, 0.6168737359230865, 0.6284310893149984, 0.6284310893149984, 0.6449003178616611, 0.6275642878125424, 0.6382548396761657, 0.6347876336663419, 0.6483675238714849, 0.6385437735103177, 0.6521236637154606, 0.647211788534877, 0.6495232592080928, 0.647500722369029, 0.6414331118518374, 0.6576134065643483, 0.6489453915397889, 0.6422999133542934, 0.6602138110717161, 0.6668592892572116, 0.6642588847498437, 0.6659924877547556, 0.6558798035594364, 0.6651256862522997, 0.6706154291011873, 0.6852678571428571, 0.6893961283038441, 0.69170759897706, 0.6928633343308898, 0.6940190696674976, 0.6977752094942515, 0.7026870846748352, 0.702687084692057, 0.6986420110139293, 0.6951748049868838, 0.6957526726551877, 0.6986420109967075, 0.6969084079917957, 0.7044206876797471, 0.6937301358161239, 0.6983530771625556, 0.6974862756600996, 0.6943080034844278, 0.6937301358161239, 0.6940190696502758, 0.697265625, 0.6963305403234916, 0.6995088124991634, 0.6963305403234916, 0.6995088124991634, 0.6989309448308595, 0.6986420109967075, 0.7012424155040753, 0.6957526726551877, 0.7000866801674674, 0.7009534816699233, 0.6992198786650115, 0.7006645478357714, 0.7000866801674674, 0.6971973418259476], "loss": [2.2359055472271785, 1.7709930585657865, 1.5971067761912738, 1.5091069420599994, 1.4503969529298966, 1.4059624081916577, 1.3729546770981598, 1.3474607164716876, 1.3203701045972707, 1.301687651753972, 1.2784083691084094, 1.2691297343019083, 1.2467609748668156, 1.2389290595604354, 1.2284629441413748, 1.2206866643288743, 1.2065398446040658, 1.202653013092864, 1.1980746647762803, 1.1919036224629904, 1.195854592834659, 1.1841662717993358, 1.1777630246405897, 1.1801193844554247, 1.1819199588883478, 1.1715248222593988, 1.179232243055777, 1.1670653223261482, 1.1670321501734908, 1.167815336557621, 1.1647180686562253, 1.1613721086485824, 1.169551955502836, 1.1540886696818693, 1.1559554838758, 1.1552247298255578, 1.155196306053225, 1.1517980149713958, 1.159900382125166, 1.1526092911971166, 1.0980641706181424, 1.0642459178975245, 1.043193772803794, 1.0313359511073352, 1.0197007563794778, 1.009671566230347, 0.999754315916884, 0.9889068626455728, 0.9830228796424344, 0.9767234837578024, 0.9641793284263209, 0.9513600545839433, 0.9479913413701893, 0.9470929440689247, 0.9365384465255596, 0.9349295418798279, 0.9183693690528721, 0.9151272475563043, 0.9088705054028015, 0.8999146917777984, 0.8931859750300646, 0.8967542678721494, 0.891113605925453, 0.8852482703879843, 0.8916215832978941, 0.8834311244290144, 0.8793692548139606, 0.8833901564597183, 0.8834642642131859, 0.881863559375996, 0.8788638699818415, 0.8771549671401395, 0.8749568568083993, 0.875108401499912, 0.8779028227245752], "acc": [0.24508231026785715, 0.3608341205763869, 0.43913788878848037, 0.4803190931058957, 0.5050208180363887, 0.527098422053646, 0.5408138273720027, 0.5511703579405207, 0.5607221581020697, 0.5729330674119861, 0.5800356880340778, 0.5880130156731281, 0.5981946048115605, 0.6034778349180009, 0.6069416745432004, 0.6112452328094579, 0.6205171267458508, 0.6247157202524909, 0.6277946887771735, 0.6339876141263199, 0.636296840577182, 0.6413701409944222, 0.6485077499308932, 0.6450439103234202, 0.6513068122158215, 0.6562401595236118, 0.6566600188561322, 0.661873272457899, 0.6623980966146863, 0.6657919596705626, 0.6703054477083963, 0.6740142052746116, 0.671530037408262, 0.6779328924518223, 0.6751338301794069, 0.680731954828511, 0.6822714390387158, 0.6868549035989497, 0.6853504075905094, 0.687099821530581, 0.7096121651785714, 0.7217732060093655, 0.7283160141060682, 0.7345439277549958, 0.7362233651789235, 0.7387075329889656, 0.7440957279582541, 0.7426262202433386, 0.7483992862453663, 0.7481193799722445, 0.752213008606652, 0.7586858402497748, 0.7602953010595419, 0.7595255589648668, 0.7610650431959263, 0.7628144571422542, 0.7692872887436677, 0.7675028865184131, 0.7719813862001582, 0.7719463979212317, 0.7742047991071429, 0.7743256008882377, 0.7810783387210637, 0.7808684090829572, 0.7770196984218903, 0.7793989013680417, 0.7796088310416011, 0.7786291592170591, 0.7806934676528715, 0.7826877995516854, 0.7810433504421371, 0.7831076589196587, 0.7843672369401603, 0.7821279871243133, 0.7812532801156965]}